ProductName|StringID
10-Year Audit Log Retention Add On|10_ALR_ADDON
Advanced Communications|ADV_COMMS
AI Builder Capacity add-on|CDSAICAPACITY
App Connect IW|SPZA_IW
App governance add-on to Microsoft Defender for Cloud Apps|Microsoft_Cloud_App_Security_App_Governance_Add_On
Microsoft 365 Audio Conferencing|MCOMEETADV
Microsoft 365 Audio Conferencing for faculty|MCOMEETADV_FACULTY
Microsoft Entra Basic|AAD_BASIC
Microsoft Entra ID P1|AAD_PREMIUM
Microsoft Entra ID P1 for faculty|AAD_PREMIUM_FACULTY
Microsoft Entra ID P1_USGOV_GCCHIGH|AAD_PREMIUM_USGOV_GCCHIGH
Microsoft Entra ID P2|AAD_PREMIUM_P2
Azure Information Protection Plan 1|RIGHTSMANAGEMENT
Azure Information Protection Plan 1|RIGHTSMANAGEMENT_CE
Azure Information Protection Premium P1 for Government|RIGHTSMANAGEMENT_CE_GOV
Azure Information Protection Premium P1_USGOV_GCCHIGH|RIGHTSMANAGEMENT_CE_USGOV_GCCHIGH
Basic Collaboration|OFFICEBASIC
Business Apps (free)|SMB_APPS
Career Coach for faculty|CAREERCOACH_FACULTY
Career Coach for students|CAREERCOACH_STUDENTS
Clipchamp Premium|Clipchamp_Premium
Clipchamp Standard|Clipchamp_Standard
Common Data Service for Apps File Capacity|CDS_FILE_CAPACITY
Common Data Service Database Capacity|CDS_DB_CAPACITY
Common Data Service Database Capacity for Government|CDS_DB_CAPACITY_GOV
Common Data Service Log Capacity|CDS_LOG_CAPACITY
Communications Credits|MCOPSTNC
Compliance Manager Premium Assessment Add-On|CMPA_addon
Compliance Manager Premium Assessment Add-On for GCC|CMPA_addon_GCC
Copilot for Microsoft 365|Microsoft_365_Copilot
Defender Threat Intelligence|Defender_Threat_Intelligence
Digital Messaging for GCC Test SKU|MESSAGING_GCC_TEST
Dynamics 365 - Additional Database Storage (Qualified Offer)|CRMSTORAGE
Dynamics 365 - Additional Production Instance (Qualified Offer)|CRMINSTANCE
Dynamics 365 - Additional Non-Production Instance (Qualified Offer)|CRMTESTINSTANCE
Dynamics 365 AI for Market Insights (Preview)|SOCIAL_ENGAGEMENT_APP_USER
Dynamics 365 Asset Management Addl Assets|DYN365_ASSETMANAGEMENT
Dynamics 365 Business Central Additional Environment Addon|DYN365_BUSCENTRAL_ADD_ENV_ADDON
Dynamics 365 Business Central Database Capacity|DYN365_BUSCENTRAL_DB_CAPACITY
Dynamics 365 Business Central Essentials|DYN365_BUSCENTRAL_ESSENTIAL
Dynamics 365 Business Central Essentials Attach|Dynamics_365_Business_Central_Essentials_Attach
Dynamics 365 Business Central External Accountant|DYN365_FINANCIALS_ACCOUNTANT_SKU
Dynamics 365 Business Central for IWs|PROJECT_MADEIRA_PREVIEW_IW_SKU
Dynamics 365 Business Central Premium|DYN365_BUSCENTRAL_PREMIUM
Dynamics 365 Business Central Team Members|DYN365_BUSCENTRAL_TEAM_MEMBER
Dynamics 365 Commerce|DYN365_RETAIL
Dynamics 365 Commerce Trial|DYN365_RETAIL_TRIAL
Dynamics 365 Plan 1 Enterprise Edition|DYN365_ENTERPRISE_PLAN1
Dynamics 365 Customer Insights Attach|DYN365_CUSTOMER_INSIGHTS_ATTACH
Dynamics 365 Customer Insights Standalone|DYN365_CUSTOMER_INSIGHTS_BASE
Dynamics 365 Customer Insights vTrial|DYN365_CUSTOMER_INSIGHTS_VIRAL
Dynamics 365 for Customer Service Chat for Government|DYN365_CS_CHAT_GOV
Dynamics 365 for Customer Service Digital Messaging add-on for Government|DYN365_CS_MESSAGING_GOV
Dynamics 365 Customer Service Digital Messaging and Voice Add-in for Government|DYN365_CS_OC_MESSAGING_VOICE_GOV
Dynamics 365 Customer Service Digital Messaging and Voice Add-in for Government for Test|DYN365_CS_OC_MESSAGING_VOICE_GOV_TEST
Dynamics 365 Customer Service Enterprise Viral Trial|Dynamics_365_Customer_Service_Enterprise_viral_trial
Dynamics 365 for Customer Service Enterprise Attach to Qualifying Dynamics 365 Base Offer A|D365_CUSTOMER_SERVICE_ENT_ATTACH
Dynamics 365 Customer Service Insights Trial|DYN365_AI_SERVICE_INSIGHTS
Dynamics 365 Customer Voice Trial|FORMS_PRO
Dynamics 365 Customer Service Professional|DYN365_CUSTOMER_SERVICE_PRO
Dynamics 365 Customer Voice|DYN365_CUSTOMER_VOICE_BASE
Dynamics 365 Customer Voice Additional Responses|Forms_Pro_AddOn
Dynamics 365 Customer Voice Additional Responses|DYN365_CUSTOMER_VOICE_ADDON
Dynamics 365 Customer Voice USL|Forms_Pro_USL
Dynamics 365 Enterprise Edition - Additional Database Storage for Government|CRMSTORAGE_GCC
Dynamics 365 - Additional Non-Production Instance for Government|CRMTESTINSTANCE_NOPREREQ
Dynamics 365 Enterprise Edition - Additional Non-Production Instance for Government|CRMTESTINSTANCE_GCC
Dynamics 365 Enterprise Edition - Additional Portal (Qualified Offer)|CRM_ONLINE_PORTAL
Dynamics 365 Enterprise Edition - Additional Portal for Government|CRM_ONLINE_PORTAL_GCC
Dynamics 365 Enterprise Edition - Additional Portal for Government|CRM_ONLINE_PORTAL_NOPREREQ
Dynamics 365 Enterprise Edition - Additional Production Instance for Government|CRMINSTANCE_GCC
Dynamics 365 Field Service Viral Trial|Dynamics_365_Field_Service_Enterprise_viral_trial
Dynamics 365 Finance|DYN365_FINANCE
Dynamics 365 for Case Management Enterprise Edition|DYN365_ENTERPRISE_CASE_MANAGEMENT
Dynamics 365 for Case Management, Enterprise Edition for Government|D365_ENTERPRISE_CASE_MANAGEMENT_GOV
Dynamics 365 for Case Management, Enterprise Edition for Government|DYN365_ENTERPRISE_CASE_MANAGEMENT_GOV
Dynamics 365 Customer Service Enterprise Admin|Dynamics_365_Customer_Service_Enterprise_admin_trial
Dynamics 365 for Customer Service Enterprise Edition|DYN365_ENTERPRISE_CUSTOMER_SERVICE
Dynamics 365 for Customer Service, Enterprise Edition for Government|DYN365_ENTERPRISE_CUSTOMER_SERVICE_GOV
Dynamics 365 for Customer Service Enterprise for Government|D365_ENTERPRISE_CUSTOMER_SERVICE_GOV
Dynamics 365 for Customer Service Chat|DYN365_CS_CHAT
Dynamics 365 for Customer Service Professional Attach to Qualifying Dynamics 365 Base Offer|D365_CUSTOMER_SERVICE_PRO_ATTACH
Dynamics 365 for Field Service Attach to Qualifying Dynamics 365 Base Offer|D365_FIELD_SERVICE_ATTACH
Dynamics 365 for Field Service Enterprise Edition|DYN365_ENTERPRISE_FIELD_SERVICE
Dynamics 365 Field Service Contractor for Government|D365_FIELD_SERVICE_CONTRACTOR_GOV
Dynamics 365 Field Service, Enterprise Edition - Resource Scheduling Optimization|CRM_AUTO_ROUTING_ADDON
Dynamics 365 for Field Service for Government|D365_ENTERPRISE_FIELD_SERVICE_GOV
Dynamics 365 for Field Service Enterprise Edition for Government|DYN365_ENTERPRISE_FIELD_SERVICE_GOV
Dynamics 365 for Financials Business Edition|DYN365_FINANCIALS_BUSINESS_SKU
Dynamics 365 Guides vTrial|Dynamics_365_Guides_vTrial
Dynamics 365 Hybrid Connector|CRM_HYBRIDCONNECTOR
Dynamics 365 for Marketing Additional Application|DYN365_MARKETING_APPLICATION_ADDON
Dynamics 365 for Marketing Additional Contacts Tier 3|DYN365_MARKETING_CONTACT_ADDON_T3
Dynamics 365 for Marketing Additional Non-Prod Application|DYN365_MARKETING_SANDBOX_APPLICATION_ADDON
Dynamics 365 for Marketing Addnl Contacts Tier 5|DYN365_MARKETING_CONTACT_ADDON_T5
Dynamics 365 for Marketing Attach|DYN365_MARKETING_APP_ATTACH
Dynamics 365 for Marketing Business Edition|DYN365_BUSINESS_MARKETING
Dynamics 365 for Marketing USL|D365_MARKETING_USER
Dynamics 365 Operations â€“ Activity|Dyn365_Operations_Activity
Dynamics 365 Project Operations Attach|DYN365_PROJECT_OPERATIONS_ATTACH
Dynamics 365 for Project Service Automation for Government|D365_ENTERPRISE_PROJECT_SERVICE_AUTOMATION_GOV
Dynamics 365 for Project Service Automation Enterprise Edition for Government|DYN365_ENTERPRISE_PROJECT_SERVICE_AUTOMATION_GOV
Dynamics 365 for Sales and Customer Service Enterprise Edition|DYN365_ENTERPRISE_SALES_CUSTOMERSERVICE
Dynamics 365 for Sales Enterprise Edition|DYN365_ENTERPRISE_SALES
Dynamics 365 for Sales, Enterprise Edition for Government|DYN365_ENTERPRISE_SALES_GOV
Dynamics 365 for Sales Enterprise for Government|D365_ENTERPRISE_SALES_GOV
Dynamics 365 Sales, Field Service and Customer Service Partner Sandbox|Dynamics_365_Sales_Field_Service_and_Customer_Service_Partner_Sandbox
Dynamics 365 Sales Premium|DYN365_SALES_PREMIUM
Dynamics 365 for Sales Professional|D365_SALES_PRO
Dynamics 365 for Sales Professional for Government|D365_SALES_PRO_GOV
Dynamics 365 for Sales Professional Trial|D365_SALES_PRO_IW
Dynamics 365 for Sales Professional Attach to Qualifying Dynamics 365 Base Offer|D365_SALES_PRO_ATTACH
Dynamics 365 for Supply Chain Management|DYN365_SCM
Dynamics 365 for Talent|SKU_Dynamics_365_for_HCM_Trial
Dynamics 365 for Team Members Enterprise Edition|DYN365_ENTERPRISE_TEAM_MEMBERS
Dynamics 365 for Team Members Enterprise Edition for Government|DYN365_ENTERPRISE_TEAM_MEMBERS_GOV
Dynamics 365 Guides|GUIDES_USER
Dynamics 365 Operations - Device|Dynamics_365_for_Operations_Devices
Dynamics 365 Operations - Sandbox Tier 2:Standard Acceptance Testing|Dynamics_365_for_Operations_Sandbox_Tier2_SKU
Dynamics 365 Operations - Sandbox Tier 4:Standard Performance Testing|Dynamics_365_for_Operations_Sandbox_Tier4_SKU
Dynamics 365 P1 Trial for Information Workers|DYN365_ENTERPRISE_P1_IW
Dynamics 365 Project Operations|DYN365_PROJECT_OPERATIONS
Dynamics 365 Regulatory Service - Enterprise Edition Trial|DYN365_REGULATORY_SERVICE
Dynamics 365 Remote Assist|MICROSOFT_REMOTE_ASSIST
Dynamics 365 Remote Assist HoloLens|MICROSOFT_REMOTE_ASSIST_HOLOLENS
Dynamics 365 Sales Enterprise Attach to Qualifying Dynamics 365 Base Offer|D365_SALES_ENT_ATTACH
Dynamics 365 Sales Premium Viral Trial|Dynamics_365_Sales_Premium_Viral_Trial
Dynamics 365 for Supply Chain Management Attach to Qualifying Dynamics 365 Base Offer|DYN365_SCM_ATTACH
Dynamics 365 Talent: Attract|Dynamics_365_Hiring_SKU
Dynamics 365 Talent: Onboard|DYNAMICS_365_ONBOARDING_SKU
Dynamics 365 Team Members_wDynamicsRetail|DYN365_TEAM_MEMBERS
Dynamics 365 UNF OPS Plan ENT Edition|Dynamics_365_for_Operations
Enterprise Mobility + Security A3 for Faculty|EMS_EDU_FACULTY
Enterprise Mobility + Security E3|EMS
Enterprise Mobility + Security E5|EMSPREMIUM
Enterprise Mobility + Security E5_USGOV_GCCHIGH|EMSPREMIUM_USGOV_GCCHIGH
Enterprise Mobility + Security G3 GCC|EMS_GOV
Enterprise Mobility + Security G5 GCC|EMSPREMIUM_GOV
Exchange Enterprise CAL Services (EOP, DLP)|EOP_ENTERPRISE_PREMIUM
Exchange Online (Plan 1)|EXCHANGESTANDARD
Exchange Online (Plan 1) for Students|EXCHANGESTANDARD_STUDENT
Exchange Online (Plan 1) for Alumni with Yammer|EXCHANGESTANDARD_ALUMNI
Exchange Online (PLAN 2)|EXCHANGEENTERPRISE
Exchange Online (Plan 2) for Faculty|EXCHANGEENTERPRISE_FACULTY
Exchange Online (Plan 2) for GCC|EXCHANGEENTERPRISE_GOV
Exchange Online Archiving for Exchange Online|EXCHANGEARCHIVE_ADDON
Exchange Online Archiving for Exchange Server|EXCHANGEARCHIVE
Exchange Online Essentials (ExO P1 Based)|EXCHANGEESSENTIALS
Exchange Online Essentials|EXCHANGE_S_ESSENTIALS
Exchange Online Kiosk|EXCHANGEDESKLESS
Exchange Online (Plan 1) for GCC|EXCHANGESTANDARD_GOV
Exchange Online POP|EXCHANGETELCO
Exchange Online Protection|EOP_ENTERPRISE
Intune|INTUNE_A
Intune for Education|INTUNE_EDU
Microsoft Dynamics AX7 User Trial|AX7_USER_TRIAL
Microsoft Azure Multi-Factor Authentication|MFA_STANDALONE
Microsoft Defender for Office 365 (Plan 2)|THREAT_INTELLIGENCE
Microsoft 365 A1|M365EDU_A1
Microsoft 365 A3 for faculty|M365EDU_A3_FACULTY
Microsoft 365 A3 for students|M365EDU_A3_STUDENT
Microsoft 365 A3 student use benefits|M365EDU_A3_STUUSEBNFT
Microsoft 365 A3 Suite features for faculty|Microsoft_365_A3_Suite_features_for_faculty
Microsoft 365 A3 - Unattended License for students use benefit|M365EDU_A3_STUUSEBNFT_RPA1
Microsoft 365 A5 for Faculty|M365EDU_A5_FACULTY
Microsoft 365 A5 for students|M365EDU_A5_STUDENT
Microsoft 365 A5 student use benefits|M365EDU_A5_STUUSEBNFT
Microsoft 365 A5 Suite features for faculty|M365_A5_SUITE_COMPONENTS_FACULTY
Microsoft 365 A5 without Audio Conferencing for students use benefit|M365EDU_A5_NOPSTNCONF_STUUSEBNFT
Microsoft 365 Apps for Business|O365_BUSINESS
Microsoft 365 Apps for Business|SMB_BUSINESS
Microsoft 365 Apps for enterprise|OFFICESUBSCRIPTION
Microsoft 365 Apps for enterprise (device)|OFFICE_PROPLUS_DEVICE1
Microsoft 365 Apps for Faculty|OFFICESUBSCRIPTION_FACULTY
Microsoft 365 Apps for Students|OFFICESUBSCRIPTION_STUDENT
Microsoft 365 Audio Conferencing for GCC|MCOMEETADV_GOV
Microsoft 365 Audio Conferencing - GCCHigh Tenant (AR)_USGOV_GCCHIGH|MCOACBYOT_AR_GCCHIGH_USGOV_GCCHIGH
Microsoft 365 Audio Conferencing_USGOV_GCCHIGH|MCOMEETADV_USGOV_GCCHIGH
Microsoft 365 Audio Conferencing Pay-Per-Minute - EA|MCOMEETACPEA
Microsoft 365 Business Basic|O365_BUSINESS_ESSENTIALS
Microsoft 365 Business Basic|SMB_BUSINESS_ESSENTIALS
Microsoft 365 Business Basic EEA (no Teams)|Microsoft_365_Business_Basic_EEA_(no_Teams)
Microsoft 365 Business Standard|O365_BUSINESS_PREMIUM
Microsoft 365 Business Standard EEA (no Teams)|Microsoft_365_Business_Standard_EEA_(no_Teams)
Microsoft 365 Business Standard EEA (no Teams)|Office_365_w/o_Teams_Bundle_Business_Standard
Microsoft 365 Business Standard - Prepaid Legacy|SMB_BUSINESS_PREMIUM
Microsoft 365 Business Premium|SPB
Microsoft 365 Business Premium EEA (no Teams)|Office_365_w/o_Teams_Bundle_Business_Premium
Microsoft 365 Business Voice (US)|BUSINESS_VOICE_MED2_TELCO
Microsoft 365 Business Voice (without Calling Plan)|BUSINESS_VOICE_DIRECTROUTING
Microsoft 365 Business Voice|BUSINESS_VOICE_MED2
Microsoft 365 Business Voice (UK)|BUSINESS_VOICE
Microsoft 365 Domestic Calling Plan (120 minutes) â€“ US|MCOPSTN5_US
Microsoft 365 Domestic Calling Plan for GCC|MCOPSTN_1_GOV
Microsoft 365 E3|SPE_E3
Microsoft 365 E3 EEA (no Teams)|O365_w/o Teams Bundle_M3
Microsoft 365 E3 EEA (no Teams) - Unattended License|Microsoft_365_E3_EEA_(no_Teams)_Unattended_License
Microsoft 365 E3 EEA (no Teams) (500 seats min)_HUB|O365_w/o Teams Bundle_M3_(500_seats_min)_HUB
Microsoft 365 E3 Extra Features|Microsoft_365_E3_Extra_Features
Microsoft 365 E3 - Unattended License|SPE_E3_RPA1
Microsoft 365 E3 (500 seats min)_HUB|Microsoft_365_E3
Microsoft 365 E3_USGOV_DOD|SPE_E3_USGOV_DOD
Microsoft 365 E3_USGOV_GCCHIGH|SPE_E3_USGOV_GCCHIGH
Microsoft 365 E5|SPE_E5
Microsoft 365 E5 (500 seats min)_HUB|Microsoft_365_E5
Microsoft 365 E5 Developer (without Windows and Audio Conferencing)|DEVELOPERPACK_E5
Microsoft 365 E5 Compliance|INFORMATION_PROTECTION_COMPLIANCE
Microsoft 365 E5 EEA (no Teams)|O365_w/o_Teams_Bundle_M5
Microsoft 365 E5 EEA (no Teams) (500 seats min)_HUB|O365_w/o_Teams_Bundle_M5_(500_seats_min)_HUB
Microsoft 365 E5 EEA (no Teams) with Calling Minutes|Microsoft_365_E5_EEA_(no_Teams)_with_Calling_Minutes
Microsoft 365 E5 EEA (no Teams) without Audio Conferencing|Microsoft_365_E5_EEA_(no_Teams)_without_Audio_Conferencing
Microsoft 365 E5 EEA (no Teams) without Audio Conferencing (500 seats min)_HUB|Microsoft_365_E5_EEA_(no_Teams)without_Audio_Conferencing(500_seats_min)_HUB
Microsoft 365 E5 Security|IDENTITY_THREAT_PROTECTION
Microsoft 365 E5 Security for EMS E5|IDENTITY_THREAT_PROTECTION_FOR_EMS_E5
Microsoft 365 E5 with Calling Minutes|SPE_E5_CALLINGMINUTES
Microsoft 365 E5 without Audio Conferencing|SPE_E5_NOPSTNCONF
Microsoft 365 E5 without Audio Conferencing (500 seats min)_HUB|Microsoft_365_E5_without_Audio_Conferencing
Microsoft 365 F1|M365_F1
Microsoft 365 F1 EEA (no Teams)|Microsoft_365_F1_EEA_(no_Teams)
Microsoft 365 F3|SPE_F1
Microsoft 365 F3 EEA (no Teams)|Microsoft_365_F3_EEA_(no_Teams)
Microsoft 365 F5 Compliance Add-on|SPE_F5_COMP
Microsoft 365 F5 Compliance Add-on AR DOD_USGOV_DOD|SPE_F5_COMP_AR_D_USGOV_DOD
Microsoft 365 F5 Compliance Add-on AR_USGOV_GCCHIGH|SPE_F5_COMP_AR_USGOV_GCCHIGH
Microsoft 365 F5 Compliance Add-on GCC|SPE_F5_COMP_GCC
Microsoft 365 F5 Security Add-on|SPE_F5_SEC
Microsoft 365 F5 Security + Compliance Add-on|SPE_F5_SECCOMP
Microsoft Power Automate Free|FLOW_FREE
Microsoft 365 E5 Extra Features|M365_E5_SUITE_COMPONENTS
Microsoft 365 F1|M365_F1_COMM
Microsoft 365 E5_USGOV_GCCHIGH|SPE_E5_USGOV_GCCHIGH
Microsoft 365 F3 GCC|M365_F1_GOV
Microsoft 365 G3 GCC|M365_G3_GOV
Microsoft 365 G3 - Unattended License for GCC|M365_G3_RPA1_GOV
Microsoft 365 GCC G5|M365_G5_GCC
Microsoft 365 GCC G5 w/o WDATP/CAS Unified|M365_G5_GOV
Microsoft 365 Lighthouse|Microsoft365_Lighthouse
Microsoft 365 Security and Compliance for Firstline Workers|M365_SECURITY_COMPLIANCE_FOR_FLW
Microsoft Business Center|MICROSOFT_BUSINESS_CENTER
Microsoft Cloud for Sustainability vTrial|Microsoft_Cloud_for_Sustainability_vTrial
Microsoft Cloud App Security|ADALLOM_STANDALONE
Microsoft Defender for Endpoint|WIN_DEF_ATP
Microsoft Defender for Endpoint F2|Microsoft_Defender_for_Endpoint_F2
Microsoft Defender for Endpoint P1|DEFENDER_ENDPOINT_P1
Microsoft Defender for Endpoint P1 for EDU|DEFENDER_ENDPOINT_P1_EDU
Microsoft Defender for Endpoint P2_XPLAT|MDATP_XPLAT
Microsoft Defender for Endpoint Server|MDATP_Server
Microsoft Defender for Office 365 (Plan 1) Faculty|ATP_ENTERPRISE_FACULTY
Microsoft Dynamics CRM Online Basic|CRMPLAN2
Microsoft Defender for Identity|ATA
Microsoft Defender for Office 365 (Plan 1) GCC|ATP_ENTERPRISE_GOV
Microsoft Defender for Office 365 (Plan 1)_USGOV_GCCHIGH|ATP_ENTERPRISE_USGOV_GCCHIGH
Microsoft Defender for Office 365 (Plan 2) GCC|THREAT_INTELLIGENCE_GOV
Microsoft Defender Vulnerability Management|TVM_Premium_Standalone
Microsoft Defender Vulnerability Management Add-on|TVM_Premium_Add_on
Microsoft Dynamics CRM Online|CRMSTANDARD
Microsoft Dynamics CRM Online Basic for Government|CRMPLAN2_GCC
Microsoft Dynamics CRM Online for Government|CRMSTANDARD_GCC
Microsoft Entra ID Governance|Microsoft_Entra_ID_Governance
Microsoft Fabric (Free)|POWER_BI_STANDARD
Microsoft Fabric (Free) for faculty|POWER_BI_STANDARD_FACULTY
Microsoft Fabric (Free) for student|POWER_BI_STANDARD_STUDENT
Microsoft Imagine Academy|IT_ACADEMY_AD
Microsoft Intune Device|INTUNE_A_D
Microsoft Intune Device for Government|INTUNE_A_D_GOV
Microsoft Intune Government|INTUNE_A_GOV
Microsoft Intune Plan 1 A VL_USGOV_GCCHIGH|INTUNE_A_VL_USGOV_GCCHIGH
Microsoft Intune Suite|Microsoft_Intune_Suite
Microsoft Power Apps Plan 2 Trial|POWERAPPS_VIRAL
Microsoft Power Automate Plan 2|FLOW_P2
Microsoft Intune SMB|INTUNE_SMB
Microsoft PowerApps for Developer|POWERAPPS_DEV
Microsoft Power Apps Plan 2 (Qualified Offer)|POWERFLOW_P2
Microsoft Relationship Sales solution|DYN365_ENTERPRISE_RELATIONSHIP_SALES
Microsoft Stream|STREAM
Microsoft Stream Plan 2|STREAM_P2
Microsoft Stream Storage Add-On (500 GB)|STREAM_STORAGE
Microsoft Sustainability Manager USL Essentials|Microsoft_Cloud_for_Sustainability_USL
Microsoft Teams Audio Conferencing with dial-out to USA/CAN|Microsoft_Teams_Audio_Conferencing_select_dial_out
Microsoft Teams (Free)|TEAMS_FREE
Microsoft Teams Calling Plan pay-as-you-go (country zone 1 - US)|Microsoft_Teams_Calling_Plan_pay_as_you_go_(country_zone_1_US)
Microsoft Teams Domestic Calling Plan (240 min)|MCOPSTN_6
Microsoft Teams EEA|Microsoft_Teams_EEA_New
Microsoft Teams Essentials|Teams_Ess
Microsoft Teams Essentials (Microsoft Entra identity)|TEAMS_ESSENTIALS_AAD
Microsoft Teams Exploratory|TEAMS_EXPLORATORY
Microsoft Teams Exploratory Dept|Microsoft_Teams_Exploratory_Dept
Microsoft Teams Phone Standard|MCOEV
Microsoft Teams Phone Standard for DOD|MCOEV_DOD
Microsoft Teams Phone Standard for Faculty|MCOEV_FACULTY
Microsoft Teams Phone Standard for GCC|MCOEV_GOV
Microsoft Teams Phone Standard for GCCHIGH|MCOEV_GCCHIGH
Microsoft Teams Phone Standard for Small and Medium Business|MCOEVSMB_1
Microsoft Teams Phone Standard for Student|MCOEV_STUDENT
Microsoft Teams Phone Standard for TELSTRA|MCOEV_TELSTRA
Microsoft Teams Phone Standard_System_USGOV_DOD|MCOEV_USGOV_DOD
Microsoft Teams Phone Standard_USGOV_GCCHIGH|MCOEV_USGOV_GCCHIGH
Microsoft Teams Phone Resource Account|PHONESYSTEM_VIRTUALUSER
Microsoft Teams Phone Resource Account for Faculty|PHONESYSTEM_VIRTUALUSER_FACULTY
Microsoft Teams Phone Resource Account for GCC|PHONESYSTEM_VIRTUALUSER_GOV
Microsoft Teams Phone Resource Account_USGOV_GCCHIGH|PHONESYSTEM_VIRTUALUSER_USGOV_GCCHIGH
Microsoft Teams Premium Introductory Pricing|Microsoft_Teams_Premium
Microsoft Teams Rooms Basic|Microsoft_Teams_Rooms_Basic
Microsoft Teams Rooms Basic for EDU|Microsoft_Teams_Rooms_Basic_FAC
Microsoft Teams Rooms Basic without Audio Conferencing|Microsoft_Teams_Rooms_Basic_without_Audio_Conferencing
Microsoft Teams Rooms Pro|Microsoft_Teams_Rooms_Pro
Microsoft Teams Rooms Pro for EDU|Microsoft_Teams_Rooms_Pro_FAC
Microsoft Teams Rooms Pro for GCC|Microsoft_Teams_Rooms_Pro_GCC
Microsoft Teams Rooms Pro without Audio Conferencing|Microsoft_Teams_Rooms_Pro_without_Audio_Conferencing
Microsoft Teams Rooms Standard|MEETING_ROOM
Microsoft Teams Rooms Standard for GCC|MEETING_ROOM_GOV
Microsoft Teams Rooms Standard for GCC without Audio Conferencing|MEETING_ROOM_GOV_NOAUDIOCONF
Microsoft Teams Shared Devices|MCOCAP
Microsoft Teams Shared Devices for Faculty|MCOCAP_FACULTY
Microsoft Teams Shared Devices for GCC|MCOCAP_GOV
Microsoft Teams Trial|MS_TEAMS_IW
Microsoft Threat Experts - Experts on Demand|EXPERTS_ON_DEMAND
Microsoft Workplace Analytics|WORKPLACE_ANALYTICS
Microsoft Viva Goals|Microsoft_Viva_Goals
Microsoft Viva Glint|Viva_Glint_Standalone
Microsoft Viva Suite|VIVA
Minecraft Education Faculty|MEE_FACULTY
Minecraft Education Student|MEE_STUDENT
Office 365 Multi-Geo Capabilities|OFFICE365_MULTIGEO
Nonprofit Portal|NONPROFIT_PORTAL
Office 365 A1 for Faculty|STANDARDWOFFPACK_FACULTY
Office 365 A1 Plus for Faculty|STANDARDWOFFPACK_IW_FACULTY
Office 365 A1 for Students|STANDARDWOFFPACK_STUDENT
Office 365 A1 Plus for Students|STANDARDWOFFPACK_IW_STUDENT
Office 365 A3 for Faculty|ENTERPRISEPACKPLUS_FACULTY
Office 365 A3 for Students|ENTERPRISEPACKPLUS_STUDENT
Office 365 A5 for faculty|ENTERPRISEPREMIUM_FACULTY
Office 365 A5 for students|ENTERPRISEPREMIUM_STUDENT
Office 365 Advanced Compliance|EQUIVIO_ANALYTICS
Microsoft Copilot for Microsoft 365|M365_Copilot
Microsoft Defender for Office 365 (Plan 1)|ATP_ENTERPRISE
Office 365 Extra File Storage for GCC|SHAREPOINTSTORAGE_GOV
Microsoft Teams Commercial Cloud|TEAMS_COMMERCIAL_TRIAL
Microsoft Teams EEA|Microsoft_Teams_EEA_New
Microsoft Sales Copilot|Microsoft_Viva_Sales
Office 365 Cloud App Security|ADALLOM_O365
Office 365 Extra File Storage|SHAREPOINTSTORAGE
Office 365 E1|STANDARDPACK
Office 365 E1 EEA (no Teams)|Office_365_w/o_Teams_Bundle_E1
Office 365 E2|STANDARDWOFFPACK
Office 365 E3|ENTERPRISEPACK
Office 365 E3 EEA (no Teams)|O365_w/o_Teams_Bundle_E3
Office 365 E3 Developer|DEVELOPERPACK
Office 365 E3_USGOV_DOD|ENTERPRISEPACK_USGOV_DOD
Office 365 E3_USGOV_GCCHIGH|ENTERPRISEPACK_USGOV_GCCHIGH
Office 365 E4|ENTERPRISEWITHSCAL
Office 365 E5|ENTERPRISEPREMIUM
Office 365 E5 EEA (no Teams)|Office_365_w/o_Teams_Bundle_E5
Office 365 E5 EEA (no Teams) without Audio Conferencing|Office_365_E5_EEA_(no_Teams)_without_Audio_Conferencing
Office 365 E5 without Audio Conferencing|ENTERPRISEPREMIUM_NOPSTNCONF
Office 365 F3|DESKLESSPACK
Office 365 F3 EEA (no Teams)|Office_365_F3_EEA_(no_Teams)
Office 365 F3_USGOV_GCCHIGH|DESKLESSPACK_USGOV_GCCHIGH
Office 365 G1 GCC|STANDARDPACK_GOV
Office 365 G3 GCC|ENTERPRISEPACK_GOV
Office 365 G3 without Microsoft 365 Apps GCC|ENTERPRISEPACKWITHOUTPROPLUS_GOV
Office 365 G5 GCC|ENTERPRISEPREMIUM_GOV
Office 365 GCC G5 without Power BI and Phone System|ENTERPRISEPREMIUM_NOPBIPBX_GOV
Office 365 GCC G5 without Audio Conferencing|ENTERPRISEPREMIUM_NOPSTNCONF_NOPBI_GOV
Office 365 Advanced Compliance for GCC|EQUIVIO_ANALYTICS_GOV
Office 365 Midsize Business|MIDSIZEPACK
Office 365 Small Business|LITEPACK
Office 365 Small Business Premium|LITEPACK_P2
Office Mobile Apps for Office 365 for GCC|OFFICEMOBILE_SUBSCRIPTION_GOV_TEST
OneDrive for Business (Plan 1)|WACONEDRIVESTANDARD
OneDrive for Business (Plan 2)|WACONEDRIVEENTERPRISE
PowerApps & Flow GCC Test - O365 & Dyn365 Plans|POWERFLOWGCC_TEST
Power Apps and Logic Flows|POWERAPPS_INDIVIDUAL_USER
Power Apps per app baseline access|POWERAPPS_PER_APP_IW
Power Apps per app Plan|POWERAPPS_PER_APP
Power Apps per app Plan (1 app or portal)|POWERAPPS_PER_APP_NEW
Power Apps Per App BD Only for GCC|POWERAPPS_PER_APP_BD_ONLY_GCC
Power Apps per app plan (1 app or website) BD Only â€“ GCC|Power_Apps_per_app_plan_(1_app_or_portal)_BD_Only_GCC
Power Apps per app plan (1 app or website) for Government|POWERAPPS_PER_APP_GCC_NEW
Power Apps per app plan for Government|POWERAPPS_PER_APP_GCC
Power Apps Per User BD Only|POWERAPPS_PER_USER_BD_ONLY
Power Apps per user Plan|POWERAPPS_PER_USER
Power Apps per user Plan for Government|POWERAPPS_PER_USER_GCC
Power Apps Plan 1 for Government|POWERAPPS_P1_GOV
Power Apps Portals login capacity add-on Tier 2 (10 unit min)|POWERAPPS_PORTALS_LOGIN_T2
Power Apps Portals login capacity add-on Tier 2 (10 unit min) for Government|POWERAPPS_PORTALS_LOGIN_T2_GCC
Power Apps Portals login capacity add-on Tier 3 (50 unit min)|POWERAPPS_PORTALS_LOGIN_T3
Power Apps Portals page view capacity add-on|POWERAPPS_PORTALS_PAGEVIEW
Power Apps Portals page view capacity add-on for Government|POWERAPPS_PORTALS_PAGEVIEW_GCC
Power Automate per flow plan|FLOW_BUSINESS_PROCESS
Power Automate per flow plan for Government|FLOW_BUSINESS_PROCESS_GCC
Power Automate per user plan|FLOW_PER_USER
Power Automate per user plan dept|FLOW_PER_USER_DEPT
Power Automate per user plan for Government|FLOW_PER_USER_GCC
Power Automate Premium|POWERAUTOMATE_ATTENDED_RPA
Power Automate Plan 1 for Government (Qualified Offer)|FLOW_P1_GOV
Power Automate Premium for Government|POWERAUTOMATE_ATTENDED_RPA_GCC
Power Automate unattended RPA add-on|POWERAUTOMATE_UNATTENDED_RPA
Power Automate unattended RPA add-on for Government|POWERAUTOMATE_UNATTENDED_RPA_GCC
Power BI|POWER_BI_INDIVIDUAL_USER
Power BI for Office 365 Add-On|POWER_BI_ADDON
Power BI Premium P1|PBI_PREMIUM_P1_ADDON
Power BI Premium P1 GCC|PBI_PREMIUM_P1_ADDON_GCC
Power BI Premium Per User|PBI_PREMIUM_PER_USER
Power BI Premium Per User Add-On|PBI_PREMIUM_PER_USER_ADDON
Power BI Premium Per User Add-On for GCC|PBI_PREMIUM_PER_USER_ADDON_GCC
Power BI Premium Per User Add-On for GCC|PBI_PREMIUM_PER_USER_ADDON_CE_GCC
Power BI Premium Per User for Faculty|PBI_PREMIUM_PER_USER_FACULTY
Power BI Premium Per User Dept|PBI_PREMIUM_PER_USER_DEPT
Power BI Premium Per User for Government|PBI_PREMIUM_PER_USER_GCC
Power BI Pro|POWER_BI_PRO
Power BI Pro CE|POWER_BI_PRO_CE
Power BI Pro Dept|POWER_BI_PRO_DEPT
Power BI Pro for Faculty|POWER_BI_PRO_FACULTY
Power BI Pro for GCC|POWERBI_PRO_GOV
Power Pages authenticated users T1 100 users/per site/month capacity pack|Power_Pages_authenticated_users_T1_100_users/per_site/month_capacity_pack
Power Pages authenticated users T1 100 users/per site/month capacity pack CN_CN|Power Pages authenticated users T1_CN_CN
Power Pages authenticated users T1 100 users/per site/month capacity pack_GCC|Power_Pages_authenticated_users_T1_100_users/per_site/month_capacity_pack_GCC
Power Pages authenticated users T1 100 users/per site/month capacity pack_USGOV_DOD|Power_Pages_authenticated_users_T1_100_users/per_site/month_capacity_pack_USGOV_DOD
Power Pages authenticated users T1 100 users/per site/month capacity pack_USGOV_GCCHIGH|Power_Pages_authenticated_users_T1_100_users/per_site/month_capacity_pack_USGOV_GCCHIGH
Power Pages authenticated users T2 min 100 units - 100 users/per site/month capacity pack|Power_Pages_authenticated_users_T2_min_100_units_100_users/per_site/month_capacity_pack
Power Pages authenticated users T2 min 100 units - 100 users/per site/month capacity pack CN_CN|Power Pages authenticated users T2_CN_CN
Power Pages authenticated users T2 min 100 units - 100 users/per site/month capacity pack_GCC|Power_Pages_authenticated_users_T2_min_100_units_100_users/per_site/month_capacity_pack_GCC
Power Pages authenticated users T2 min 100 units - 100 users/per site/month capacity pack_USGOV_DOD|Power_Pages_authenticated_users_T2_min_100_units_100_users/per_site/month_capacity_pack_USGOV_DOD
Power Pages authenticated users T2 min 100 units - 100 users/per site/month capacity pack_USGOV_GCCHIGH|Power_Pages_authenticated_users_T2_min_100_units_100_users/per_site/month_capacity_pack_USGOV_GCCHIGH
Power Pages authenticated users T3 min 1,000 units - 100 users/per site/month capacity pack|Power_Pages_authenticated_users_T3_min_1,000_units_100_users/per_site/month_capacity_pack
Power Pages authenticated users T3 min 1,000 units - 100 users/per site/month capacity pack CN_CN|Power Pages authenticated users T3_CN_CN
Power Pages authenticated users T3 min 1,000 units - 100 users/per site/month capacity pack_GCC|Power_Pages_authenticated_users_T3_min_1,000_units_100_users/per_site/month_capacity_pack_GCC
Power Pages authenticated users T3 min 1,000 units - 100 users/per site/month capacity pack_USGOV_DOD|Power_Pages_authenticated_users_T3_min_1,000_units_100_users/per_site/month_capacity_pack_USGOV_DOD
Power Pages authenticated users T3 min 1,000 units - 100 users/per site/month capacity pack_USGOV_GCCHIGH|Power_Pages_authenticated_users_T3_min_1,000_units_100_users/per_site/month_capacity_pack_USGOV_GCCHIGH
Power Pages vTrial for Makers|Power_Pages_vTrial_for_Makers
Power BI Premium EM1|PBI_PREMIUM_EM1_ADDON
Power BI Premium EM2|PBI_PREMIUM_EM2_ADDON
Power Virtual Agent|VIRTUAL_AGENT_BASE
Power Virtual Agent for GCC|VIRTUAL_AGENT_BASE_GCC
Power Virtual Agent User License|VIRTUAL_AGENT_USL
Power Virtual Agent User License for GCC|VIRTUAL_AGENT_USL_GCC
Power Virtual Agents Viral Trial|CCIBOTS_PRIVPREV_VIRAL
Privacy Management â€“ risk|PRIVACY_MANAGEMENT_RISK
Privacy Management - risk for EDU|PRIVACY_MANAGEMENT_RISK_EDU
Privacy Management - risk GCC|PRIVACY_MANAGEMENT_RISK_GCC
Privacy Management - risk_USGOV_DOD|PRIVACY_MANAGEMENT_RISK_USGOV_DOD
Privacy Management - risk_USGOV_GCCHIGH|PRIVACY_MANAGEMENT_RISK_USGOV_GCCHIGH
Privacy Management - subject rights request (1)|PRIVACY_MANAGEMENT_SUB_RIGHTS_REQ_1_V2
Privacy Management - subject rights request (1) for EDU|PRIVACY_MANAGEMENT_SUB_RIGHTS_REQ_1_EDU_V2
Privacy Management - subject rights request (1) GCC|PRIVACY_MANAGEMENT_SUB_RIGHTS_REQ_1_V2_GCC
Privacy Management - subject rights request (1) USGOV_DOD|PRIVACY_MANAGEMENT_SUB_RIGHTS_REQ_1_V2_USGOV_DOD
Privacy Management - subject rights request (1) USGOV_GCCHIGH|PRIVACY_MANAGEMENT_SUB_RIGHTS_REQ_1_V2_USGOV_GCCHIGH
Privacy Management - subject rights request (10)|PRIVACY_MANAGEMENT_SUB_RIGHTS_REQ_10_V2
Privacy Management - subject rights request (10) for EDU|PRIVACY_MANAGEMENT_SUB_RIGHTS_REQ_10_EDU_V2
Privacy Management - subject rights request (10) GCC|PRIVACY_MANAGEMENT_SUB_RIGHTS_REQ_10_V2_GCC
Privacy Management - subject rights request (10) USGOV_DOD|PRIVACY_MANAGEMENT_SUB_RIGHTS_REQ_10_V2_USGOV_DOD
Privacy Management - subject rights request (10) USGOV_GCCHIGH|PRIVACY_MANAGEMENT_SUB_RIGHTS_REQ_10_V2_USGOV_GCCHIGH
Privacy Management - subject rights request (50)|PRIVACY_MANAGEMENT_SUB_RIGHTS_REQ_50
Privacy Management - subject rights request (50)|PRIVACY_MANAGEMENT_SUB_RIGHTS_REQ_50_V2
Privacy Management - subject rights request (50) for EDU|PRIVACY_MANAGEMENT_SUB_RIGHTS_REQ_50_EDU_V2
Privacy Management - subject rights request (100)|PRIVACY_MANAGEMENT_SUB_RIGHTS_REQ_100_V2
Privacy Management - subject rights request (100) for EDU|PRIVACY_MANAGEMENT_SUB_RIGHTS_REQ_100_EDU_V2
Privacy Management - subject rights request (100) GCC|PRIVACY_MANAGEMENT_SUB_RIGHTS_REQ_100_V2_GCC
Privacy Management - subject rights request (100) USGOV_DOD|PRIVACY_MANAGEMENT_SUB_RIGHTS_REQ_100_V2_USGOV_DOD
Privacy Management - subject rights request (100) USGOV_GCCHIGH|PRIVACY_MANAGEMENT_SUB_RIGHTS_REQ_100_V2_USGOV_GCCHIGH
Project for Office 365|PROJECTCLIENT
Project Online Essentials|PROJECTESSENTIALS
Project Online Essentials for Faculty|PROJECTESSENTIALS_FACULTY
Project Online Essentials for GCC|PROJECTESSENTIALS_GOV
Project Online Premium|PROJECTPREMIUM
Project Online Premium without Project Client|PROJECTONLINE_PLAN_1
Project Online with Project for Office 365|PROJECTONLINE_PLAN_2
Project Plan 1|PROJECT_P1
Project Plan 1 (for Department)|PROJECT_PLAN1_DEPT
Project Plan 3|PROJECTPROFESSIONAL
Project Plan 3 (for Department)|PROJECT_PLAN3_DEPT
Project Plan 3 for Faculty|PROJECTPROFESSIONAL_FACULTY
Project Plan 3 for GCC|PROJECTPROFESSIONAL_GOV
Project Plan 3 for GCC TEST|Project_Professional_TEST_GCC
Project Plan 3_USGOV_GCCHIGH|PROJECTPROFESSIONAL_USGOV_GCCHIGH
Project Plan 5 for faculty|PROJECTPREMIUM_FACULTY
Project Plan 5 for GCC|PROJECTPREMIUM_GOV
Project Plan 5 without Project Client for Faculty|PROJECTONLINE_PLAN_1_FACULTY
Rights Management Adhoc|RIGHTSMANAGEMENT_ADHOC
Rights Management Service Basic Content Protection|RMSBASIC
Sensor Data Intelligence Additional Machines Add-in for Dynamics 365 Supply Chain Management|DYN365_IOT_INTELLIGENCE_ADDL_MACHINES
Sensor Data Intelligence Scenario Add-in for Dynamics 365 Supply Chain Management|DYN365_IOT_INTELLIGENCE_SCENARIO
SharePoint Online (Plan 1)|SHAREPOINTSTANDARD
SharePoint Online (Plan 2)|SHAREPOINTENTERPRISE
SharePoint Syntex|Intelligent_Content_Services
Skype for Business Online (Plan 1)|MCOIMP
Skype for Business Online (Plan 2)|MCOSTANDARD
Skype for Business PSTN Domestic and International Calling|MCOPSTN2
Skype for Business PSTN Domestic Calling|MCOPSTN1
Skype for Business PSTN Domestic Calling (120 Minutes)|MCOPSTN5
Skype for Business PSTN Calling Domestic Small|MCOPSTN5
Skype for Business PSTN Usage Calling Plan|MCOPSTNPP
Teams Phone Mobile|Operator_Connect_Mobile
Teams Phone with Calling Plan|MCOTEAMS_ESSENTIALS
Teams Premium (for Departments)|Teams_Premium_(for_Departments)
TELSTRA Calling for O365|MCOPSTNEAU2
Universal Print|UNIVERSAL_PRINT
Visio Plan 1|VISIO_PLAN1_DEPT
Visio Plan 2|VISIO_PLAN2_DEPT
Visio Online Plan 1|VISIOONLINE_PLAN1
Visio Plan 2 for Faculty|VISIOCLIENT_FACULTY
Visio Online Plan 2|VISIOCLIENT
Visio Plan 2 for GCC|VISIOCLIENT_GOV
Visio Plan 2_USGOV_GCCHIGH|VISIOCLIENT_USGOV_GCCHIGH
Viva Goals User-led|Viva_Goals_User_led
Viva Topics|TOPIC_EXPERIENCES
Viva Learning|VIVA_LEARNING
Windows 10/11 Enterprise E5 (Original)|WIN_ENT_E5
Windows 10/11 Enterprise A3 for faculty|WIN10_ENT_A3_FAC
Windows 10/11 Enterprise A3 for students|WIN10_ENT_A3_STU
Windows 10/11 Enterprise A5 for faculty|WIN10_ENT_A5_FAC
WINDOWS 10/11 ENTERPRISE E3|WIN10_PRO_ENT_SUB
WINDOWS 10/11 ENTERPRISE E3|WIN10_VDA_E3
Windows 10/11 Enterprise E5|WIN10_VDA_E5
Windows 10/11 Enterprise E5 Commercial (GCC Compatible)|WINE5_GCC_COMPAT
Windows 10/11 Enterprise VDA|E3_VDA_only
Windows 365 Business 1 vCPU 2 GB 64 GB|CPC_B_1C_2RAM_64GB
Windows 365 Business 2 vCPU 4 GB 128 GB|CPC_B_2C_4RAM_128GB
Windows 365 Business 2 vCPU 4 GB 256 GB|CPC_B_2C_4RAM_256GB
Windows 365 Business 2 vCPU 4 GB 64 GB|CPC_B_2C_4RAM_64GB
Windows 365 Business 2 vCPU 8 GB 128 GB|CPC_B_2C_8RAM_128GB
Windows 365 Business 2 vCPU 8 GB 256 GB|CPC_B_2C_8RAM_256GB
Windows 365 Business 4 vCPU 16 GB 128 GB|CPC_B_4C_16RAM_128GB
Windows 365 Business 4 vCPU 16 GB 128 GB (with Windows Hybrid Benefit)|CPC_B_4C_16RAM_128GB_WHB
Windows 365 Business 4 vCPU  16 GB  256 GB|CPC_B_4C_16RAM_256GB
Windows 365 Business 4 vCPU 16 GB 512 GB|CPC_B_4C_16RAM_512GB
Windows 365 Business 8 vCPU 32 GB 128 GB|CPC_B_8C_32RAM_128GB
Windows 365 Business 8 vCPU 32 GB 256 GB|CPC_B_8C_32RAM_256GB
Windows 365 Business 8 vCPU 32 GB 512 GB|CPC_B_8C_32RAM_512GB
Windows 365 Business 16 vCPU, 64 GB, 512 GB|Windows_365_Business_16_vCPU,_64_GB,_512_GB
Windows 365 Business 16 vCPU, 64 GB, 1 TB|Windows_365_Business_16_vCPU,_64_GB,_1_TB
Windows 365 Enterprise 1 vCPU 2 GB 64 GB|CPC_E_1C_2GB_64GB
Windows 365 Enterprise 2 vCPU 4 GB 128 GB|CPC_E_2C_4GB_128GB
Windows 365 Enterprise 2 vCPU 4 GB 256 GB|CPC_E_2C_4GB_256GB
Windows 365 Enterprise 2 vCPU 4 GB 64 GB|CPC_E_2C_4GB_64GB
Windows 365 Enterprise 2 vCPU 8 GB 128 GB|CPC_E_2C_8GB_128GB
Windows 365 Enterprise 2 vCPU 8 GB 256 GB|CPC_E_2C_8GB_256GB
Windows 365 Enterprise 4 vCPU 16 GB 128 GB|CPC_E_4C_16GB_128GB
Windows 365 Enterprise 4 vCPU, 16 GB, 256 GB|CPC_E_4C_16GB_256GB
Windows 365 Enterprise 4 vCPU 16 GB 512 GB|CPC_E_4C_16GB_512GB
Windows 365 Enterprise 8 vCPU 32 GB 128 GB|CPC_E_8C_32GB_128GB
Windows 365 Enterprise 8 vCPU 32 GB 256 GB|CPC_E_8C_32GB_256GB
Windows 365 Enterprise 8 vCPU 32 GB 512 GB|CPC_E_8C_32GB_512GB
Windows 365 Enterprise 2 vCPU 4 GB 128 GB (Preview)|CPC_LVL_1
Windows 365 Shared Use 2 vCPU 4 GB 64 GB|Windows_365_S_2vCPU_4GB_64GB
Windows 365 Shared Use 2 vCPU 4 GB 128 GB|Windows_365_S_2vCPU_4GB_128GB
Windows 365 Shared Use 2 vCPU 4 GB 256 GB|Windows_365_S_2vCPU_4GB_256GB
Windows 365 Shared Use 2 vCPU 8 GB 128 GB|Windows_365_S_2vCPU_8GB_128GB
Windows 365 Shared Use 2 vCPU 8 GB 256 GB|Windows_365_S_2vCPU_8GB_256GB
Windows 365 Shared Use 4 vCPU 16 GB 128 GB|Windows_365_S_4vCPU_16GB_128GB
Windows 365 Shared Use 4 vCPU 16 GB 256 GB|Windows_365_S_4vCPU_16GB_256GB
Windows 365 Shared Use 4 vCPU 16 GB 512 GB|Windows_365_S_4vCPU_16GB_512GB
Windows 365 Shared Use 8 vCPU 32 GB 128 GB|Windows_365_S_8vCPU_32GB_128GB
Windows 365 Shared Use 8 vCPU 32 GB 256 GB|Windows_365_S_8vCPU_32GB_256GB
Windows 365 Shared Use 8 vCPU 32 GB 512 GB|Windows_365_S_8vCPU_32GB_512GB
Windows Store for Business|WINDOWS_STORE
Windows Store for Business EDU Faculty|WSFB_EDU_FACULTY
Workload Identities Premium|Workload_Identities_Premium_CN
